{
  "title": "Welcome to Grafana!",
  "services": {
    "filter": {
      "list": [],
      "time": {
        "from": "now-6h",
        "to": "now"
      }
    }
  },
  "rows": [
    {
      "title": "Welcome to Grafana",
      "height": "150px",
      "editable": true,
      "collapse": false,
      "collapsable": true,
      "panels": [
        {
          "error": false,
          "span": 12,
          "editable": true,
          "type": "text",
          "loadingEditor": false,
          "mode": "markdown",
          "content": "####Thank you for trying out Grafana! \n\nGeneral documentation is found in the readme and in the wiki section of the [Github Project](https://github.com/torkelo/grafana). If you encounter any problem or have an idea for an improvement do not hesitate to open a github issue. \n\nTips: \n\n- Ctrl+S saves the current dashboard\n- Ctrl+F Opens the dashboard finder (searches elastic search)\n\nIf you do not see a graph in the panel bellow the browser cannot access your graphite installation. Please make sure that the graphiteUrl property in config.js is correctly set and accessible.",
          "style": {},
          "title": "Welcome to Grafana"
        }
      ],
      "notice": false
    },
    {
      "title": "test",
      "height": "250px",
      "editable": true,
      "collapse": false,
      "collapsable": true,
      "panels": [
        {
          "span": 12,
          "editable": true,
          "type": "graphite",
          "x-axis": true,
          "y-axis": true,
          "scale": 1,
          "y_formats": [
            "short",
            "short"
          ],
          "grid": {
            "max": null,
            "min": 0,
            "threshold1": 3,
            "threshold2": null,
            "threshold1Color": "rgba(255, 0, 0, 0.59)",
            "threshold2Color": "rgba(234, 112, 112, 0.22)",
            "thresholdLine": true
          },
          "resolution": 100,
          "lines": true,
          "fill": 1,
          "linewidth": 2,
          "points": false,
          "pointradius": 5,
          "bars": false,
          "stack": true,
          "spyable": true,
          "options": false,
          "legend": {
            "show": true,
            "values": true,
            "min": false,
            "max": false,
            "current": false,
            "total": false,
            "avg": true
          },
          "interactive": true,
          "legend_counts": true,
          "timezone": "browser",
          "percentage": false,
          "zerofill": true,
          "nullPointMode": "connected",
          "steppedLine": false,
          "tooltip": {
            "value_type": "cumulative",
            "query_as_alias": true
          },
          "targets": [
            {
              "target": "randomWalk('random walk')"
            },
            {
              "target": "randomWalk('random walk2')"
            },
            {
              "target": "randomWalk('random walk3')"
            }
          ],
          "aliasColors": {},
          "aliasYAxis": {},
          "title": "Graphite test",
          "datasource": null,
          "renderer": "flot",
          "annotate": {
            "enable": false
          }
        }
      ],
      "notice": false
    }
  ],
  "editable": true,
  "failover": false,
  "panel_hints": true,
  "style": "light",
  "pulldowns": [
    {
      "type": "filtering",
      "collapse": false,
      "notice": false,
      "enable": false
    },
    {
      "type": "annotations",
      "enable": false
    }
  ],
  "nav": [
    {
      "type": "timepicker",
      "collapse": false,
      "notice": false,
      "enable": true,
      "status": "Stable",
      "time_options": [
        "5m",
        "15m",
        "1h",
        "6h",
        "12h",
        "24h",
        "2d",
        "7d",
        "30d"
      ],
      "refresh_intervals": [
        "5s",
        "10s",
        "30s",
        "1m",
        "5m",
        "15m",
        "30m",
        "1h",
        "2h",
        "1d"
      ],
      "now": true
    }
  ],
  "loader": {
    "save_gist": false,
    "save_elasticsearch": true,
    "save_local": true,
    "save_default": true,
    "save_temp": true,
    "save_temp_ttl_enable": true,
    "save_temp_ttl": "30d",
    "load_gist": false,
    "load_elasticsearch": true,
    "load_elasticsearch_size": 20,
    "load_local": false,
    "hide": false
  },
  "refresh": false,
  "tags": [],
  "timezone": "browser"
}