<?xml version="1.0" encoding="UTF-8"?>
<archetype-descriptor xsi:schemaLocation="http://maven.apache.org/plugins/maven-archetype-plugin/archetype-descriptor/1.0.0 http://maven.apache.org/xsd/archetype-descriptor-1.0.0.xsd" name="quickstart"
    xmlns="http://maven.apache.org/plugins/maven-archetype-plugin/archetype-descriptor/1.0.0"
    xmlns:xsi="http://www.w3.org/2001/XMLSchema-instance">
  <requiredProperties>
    <requiredProperty key="tablePrefix"/>
  </requiredProperties>
  <fileSets>
    <fileSet filtered="true" packaged="true" encoding="UTF-8">
      <directory>src/main/java</directory>
      <includes>
        <include>**/*.java</include>
      </includes>
    </fileSet>
    <fileSet filtered="true" encoding="UTF-8">
      <directory>src/main/webapp</directory>
      <includes>
        <include>**/*.jsp</include>
        <include>**/*.xml</include>
      </includes>
    </fileSet>
    <fileSet filtered="true" encoding="UTF-8">
      <directory>src/main/resources</directory>
      <includes>
        <include>**/*.sql</include>
        <include>**/*.xml</include>
        <include>**/*.properties</include>
      </includes>
    </fileSet>
    <fileSet encoding="UTF-8">
      <directory>src/main/webapp</directory>
      <includes>
        <include>**/*.png</include>
        <include>**/*.tag</include>
        <include>**/*.js</include>
        <include>**/*.ico</include>
        <include>**/*.gif</include>
        <include>**/*.css</include>
      </includes>
    </fileSet>
    <fileSet filtered="true" packaged="true" encoding="UTF-8">
      <directory>src/test/java</directory>
      <includes>
        <include>**/*.java</include>
      </includes>
    </fileSet>
    <fileSet filtered="true" encoding="UTF-8">
      <directory>src/test/resources</directory>
      <includes>
        <include>**/*.sql</include>
        <include>**/*.properties</include>
      </includes>
    </fileSet>
    <fileSet filtered="true" packaged="true" encoding="UTF-8">
      <directory>src/test/functional</directory>
      <includes>
        <include>**/*.java</include>
      </includes>
    </fileSet>
    <fileSet encoding="UTF-8">
      <directory>bin</directory>
      <includes>
        <include>**/*.bat</include>
        <include>**/*.sh</include>
      </includes>
    </fileSet>
  </fileSets>
</archetype-descriptor>
