<?xml version="1.0" encoding="UTF-8"?>
<!DOCTYPE xml>
<ehcache updateCheck="false" name="hibernateCache">
	<!-- http://ehcache.org/ehcache.xml -->
	<diskStore path="java.io.tmpdir/ehcache/showcase/hibernate" />

	<cacheManagerPeerProviderFactory class="net.sf.ehcache.distribution.RMICacheManagerPeerProviderFactory"
		properties="peerDiscovery=automatic,multicastGroupAddress=230.0.0.1,multicastGroupPort=4446" />
	<cacheManagerPeerListenerFactory class="net.sf.ehcache.distribution.RMICacheManagerPeerListenerFactory" />

	<!-- DefaultCache setting. -->
	<defaultCache maxEntriesLocalHeap="10000" eternal="false" timeToIdleSeconds="300" timeToLiveSeconds="600"
		overflowToDisk="true" maxEntriesLocalDisk="100000" />

	<!-- Special objects setting. -->
	<cache name="org.springside.examples.showcase.entity.User" maxEntriesLocalHeap="1000" eternal="true"
		overflowToDisk="true" maxEntriesLocalDisk="10000">
		<cacheEventListenerFactory class="net.sf.ehcache.distribution.RMICacheReplicatorFactory"
			properties="replicatePuts=false,replicateUpdatesViaCopy=false" />
	</cache>
	<cache name="org.springside.examples.showcase.entity.User.roleList" maxEntriesLocalHeap="1000" eternal="true"
		overflowToDisk="true" maxEntriesLocalDisk="10000">
		<cacheEventListenerFactory class="net.sf.ehcache.distribution.RMICacheReplicatorFactory"
			properties="replicatePuts=false,replicateUpdatesViaCopy=false" />
	</cache>
	<cache name="org.springside.examples.showcase.entity.Team" maxEntriesLocalHeap="100" eternal="true"
		overflowToDisk="true" maxEntriesLocalDisk="1000">
		<cacheEventListenerFactory class="net.sf.ehcache.distribution.RMICacheReplicatorFactory"
			properties="replicatePuts=false,replicateUpdatesViaCopy=false" />
	</cache>
	<cache name="org.springside.examples.showcase.entity.Role" maxEntriesLocalHeap="100"
		eternal="true" overflowToDisk="true" maxEntriesLocalDisk="1000">
		<cacheEventListenerFactory class="net.sf.ehcache.distribution.RMICacheReplicatorFactory"
			properties="replicatePuts=false,replicateUpdatesViaCopy=false" />
	</cache>
</ehcache>
